step,t_ms,side,kind,peak_dp_pa,source
0,1260.0,affected,normal,5689.6,SYNTHETIC_MOCK
1,2355.9,unaffected,normal,4541.7,SYNTHETIC_MOCK
2,3554.5,affected,normal,6601.5,SYNTHETIC_MOCK
3,4816.7,unaffected,normal,8108.0,SYNTHETIC_MOCK
4,6054.1,affected,normal,8420.3,SYNTHETIC_MOCK
5,7177.4,unaffected,normal,7464.6,SYNTHETIC_MOCK
6,8362.6,affected,normal,6937.1,SYNTHETIC_MOCK
7,9550.3,unaffected,normal,8540.4,SYNTHETIC_MOCK
8,10792.9,affected,normal,6556.3,SYNTHETIC_MOCK
9,12027.3,unaffected,panic_plant,12246.7,SYNTHETIC_MOCK
10,13186.4,affected,normal,6487.9,SYNTHETIC_MOCK
11,14476.7,unaffected,normal,7776.1,SYNTHETIC_MOCK
12,15610.7,affected,normal,5941.4,SYNTHETIC_MOCK
13,16854.2,unaffected,normal,7936.5,SYNTHETIC_MOCK
14,18063.5,affected,normal,7292.5,SYNTHETIC_MOCK
15,19281.4,unaffected,normal,8098.0,SYNTHETIC_MOCK
16,20504.5,affected,normal,7085.1,SYNTHETIC_MOCK
17,21678.9,unaffected,normal,5164.0,SYNTHETIC_MOCK
18,22856.9,affected,normal,6195.0,SYNTHETIC_MOCK
19,24134.4,unaffected,hesitation,2543.9,SYNTHETIC_MOCK
20,25347.4,affected,normal,6578.0,SYNTHETIC_MOCK
21,26610.9,unaffected,normal,7896.1,SYNTHETIC_MOCK
22,27879.5,affected,panic_plant,11511.6,SYNTHETIC_MOCK
23,28988.9,unaffected,normal,5392.6,SYNTHETIC_MOCK
24,30200.2,affected,panic_plant,12317.6,SYNTHETIC_MOCK
25,31412.9,unaffected,normal,6461.7,SYNTHETIC_MOCK
26,32649.5,affected,normal,6610.2,SYNTHETIC_MOCK
27,33818.9,unaffected,normal,6542.6,SYNTHETIC_MOCK
28,34981.4,affected,normal,7613.6,SYNTHETIC_MOCK
29,36217.1,unaffected,normal,7605.7,SYNTHETIC_MOCK
30,37383.2,affected,normal,6875.9,SYNTHETIC_MOCK
31,38467.5,unaffected,normal,4874.0,SYNTHETIC_MOCK
32,39699.5,affected,hesitation,2451.9,SYNTHETIC_MOCK
33,41003.4,unaffected,normal,6523.5,SYNTHETIC_MOCK
34,42128.7,affected,normal,7929.3,SYNTHETIC_MOCK
35,43301.6,unaffected,normal,5803.0,SYNTHETIC_MOCK
36,44536.3,affected,normal,4823.6,SYNTHETIC_MOCK
37,45620.6,unaffected,normal,6251.4,SYNTHETIC_MOCK
38,46839.3,affected,normal,6332.8,SYNTHETIC_MOCK
39,48020.1,unaffected,normal,9018.2,SYNTHETIC_MOCK
40,49237.7,affected,hesitation,3275.5,SYNTHETIC_MOCK
41,50466.3,unaffected,normal,8052.2,SYNTHETIC_MOCK
42,51615.1,affected,hesitation,2317.9,SYNTHETIC_MOCK
43,52704.9,unaffected,normal,6508.8,SYNTHETIC_MOCK
44,53787.3,affected,normal,6720.0,SYNTHETIC_MOCK
45,55054.3,unaffected,normal,7395.0,SYNTHETIC_MOCK
46,56287.5,affected,normal,10671.5,SYNTHETIC_MOCK
47,57508.9,unaffected,normal,4313.6,SYNTHETIC_MOCK
48,58659.9,affected,normal,6476.6,SYNTHETIC_MOCK
49,59872.5,unaffected,panic_plant,12795.4,SYNTHETIC_MOCK
50,60938.5,affected,normal,5695.1,SYNTHETIC_MOCK
51,62280.0,unaffected,normal,6932.2,SYNTHETIC_MOCK
52,63440.0,affected,normal,8238.3,SYNTHETIC_MOCK
53,64582.0,unaffected,normal,5784.0,SYNTHETIC_MOCK
54,65849.1,affected,normal,5965.1,SYNTHETIC_MOCK
55,67079.9,unaffected,normal,8173.8,SYNTHETIC_MOCK
56,68227.5,affected,normal,6948.6,SYNTHETIC_MOCK
57,69329.4,unaffected,normal,6426.7,SYNTHETIC_MOCK
58,70655.8,affected,normal,7217.5,SYNTHETIC_MOCK
59,71878.6,unaffected,normal,6850.5,SYNTHETIC_MOCK
60,73045.8,affected,normal,7276.4,SYNTHETIC_MOCK
61,74368.6,unaffected,normal,7540.2,SYNTHETIC_MOCK
62,75459.2,affected,normal,5457.2,SYNTHETIC_MOCK
63,76644.8,unaffected,normal,9171.8,SYNTHETIC_MOCK
64,77756.2,affected,normal,8841.4,SYNTHETIC_MOCK
65,78924.7,unaffected,normal,7810.6,SYNTHETIC_MOCK
66,80151.7,affected,normal,6794.1,SYNTHETIC_MOCK
67,81403.2,unaffected,normal,7114.1,SYNTHETIC_MOCK
68,82535.7,affected,normal,6938.6,SYNTHETIC_MOCK
69,83709.0,unaffected,normal,5893.5,SYNTHETIC_MOCK
70,84911.5,affected,normal,5328.7,SYNTHETIC_MOCK
71,86072.7,unaffected,normal,7615.5,SYNTHETIC_MOCK
72,87315.8,affected,normal,8263.5,SYNTHETIC_MOCK
73,88460.1,unaffected,normal,6805.3,SYNTHETIC_MOCK
74,89674.2,affected,panic_plant,12103.7,SYNTHETIC_MOCK
75,90892.5,unaffected,hesitation,3213.3,SYNTHETIC_MOCK
76,92024.2,affected,normal,9364.8,SYNTHETIC_MOCK
77,93177.0,unaffected,normal,5156.1,SYNTHETIC_MOCK
78,94318.6,affected,panic_plant,12912.9,SYNTHETIC_MOCK
79,95505.6,unaffected,normal,4294.4,SYNTHETIC_MOCK
80,96635.5,affected,normal,6332.9,SYNTHETIC_MOCK
81,97718.1,unaffected,normal,4785.3,SYNTHETIC_MOCK
82,98830.4,affected,normal,5377.8,SYNTHETIC_MOCK
83,99936.6,unaffected,normal,10660.4,SYNTHETIC_MOCK
84,101274.9,affected,normal,7430.4,SYNTHETIC_MOCK
85,102537.1,unaffected,normal,6690.9,SYNTHETIC_MOCK
86,103726.4,affected,normal,6526.0,SYNTHETIC_MOCK
87,104905.1,unaffected,hesitation,2983.3,SYNTHETIC_MOCK
88,106142.8,affected,normal,6300.3,SYNTHETIC_MOCK
89,107371.0,unaffected,normal,7195.8,SYNTHETIC_MOCK
90,108513.3,affected,normal,7000.1,SYNTHETIC_MOCK
91,109880.7,unaffected,panic_plant,11818.3,SYNTHETIC_MOCK
92,111019.7,affected,normal,7486.2,SYNTHETIC_MOCK
93,112130.7,unaffected,normal,7329.1,SYNTHETIC_MOCK
94,113369.1,affected,normal,7331.1,SYNTHETIC_MOCK
95,114605.4,unaffected,hesitation,3799.2,SYNTHETIC_MOCK
96,115826.5,affected,normal,6405.9,SYNTHETIC_MOCK
97,117018.3,unaffected,normal,6631.9,SYNTHETIC_MOCK
98,118336.0,affected,normal,7192.2,SYNTHETIC_MOCK
99,119550.1,unaffected,normal,6701.6,SYNTHETIC_MOCK
100,120609.6,affected,normal,6531.4,SYNTHETIC_MOCK
101,121686.8,unaffected,normal,9176.5,SYNTHETIC_MOCK
102,122881.9,affected,normal,6586.1,SYNTHETIC_MOCK
103,124185.9,unaffected,normal,6578.6,SYNTHETIC_MOCK
104,125480.1,affected,normal,9182.7,SYNTHETIC_MOCK
105,126715.3,unaffected,normal,9197.4,SYNTHETIC_MOCK
106,127920.6,affected,normal,6626.3,SYNTHETIC_MOCK
107,129026.3,unaffected,normal,8246.9,SYNTHETIC_MOCK
108,130320.0,affected,normal,6759.8,SYNTHETIC_MOCK
109,131578.5,unaffected,hesitation,4424.5,SYNTHETIC_MOCK
110,132684.7,affected,normal,6915.6,SYNTHETIC_MOCK
111,133935.7,unaffected,normal,8904.1,SYNTHETIC_MOCK
112,135138.3,affected,normal,5722.7,SYNTHETIC_MOCK
113,136363.3,unaffected,normal,6154.4,SYNTHETIC_MOCK
114,137380.0,affected,normal,7767.0,SYNTHETIC_MOCK
115,138613.1,unaffected,normal,7090.8,SYNTHETIC_MOCK
116,139765.8,affected,normal,4400.3,SYNTHETIC_MOCK
117,141083.9,unaffected,hesitation,2042.9,SYNTHETIC_MOCK
118,142238.2,affected,normal,8066.7,SYNTHETIC_MOCK
119,143456.9,unaffected,normal,8346.3,SYNTHETIC_MOCK
